Date,Open,High,Low,Close
5/20/2022,3927.76,3943.42,3810.32,3901.36
5/19/2022,3899,3945.96,3876.58,3900.79
5/18/2022,4051.98,4051.98,3911.91,3923.68
5/17/2022,4052,4090.72,4033.93,4088.85
5/16/2022,4013.02,4046.46,3983.99,4008.01
5/13/2022,3963.9,4038.88,3963.9,4023.89
5/12/2022,3903.95,3964.8,3858.87,3930.08
5/11/2022,3990.08,4049.09,3928.82,3935.18
5/10/2022,4035.18,4068.82,3958.17,4001.05
5/9/2022,4081.27,4081.27,3975.48,3991.24
5/6/2022,4128.17,4157.69,4067.91,4123.34
5/5/2022,4270.43,4270.43,4106.01,4146.87
5/4/2022,4181.18,4307.66,4148.91,4300.17
5/3/2022,4159.78,4200.1,4147.08,4175.48
5/2/2022,4130.61,4169.81,4062.51,4155.38
4/29/2022,4253.75,4269.68,4124.28,4131.93
4/28/2022,4222.58,4308.45,4188.63,4287.5
4/27/2022,4186.52,4240.71,4162.9,4183.96
4/26/2022,4278.14,4278.14,4175.04,4175.2
4/25/2022,4255.34,4299.02,4200.82,4296.12
4/22/2022,4385.83,4385.83,4267.62,4271.78
4/21/2022,4489.17,4512.94,4384.47,4393.66
4/20/2022,4472.26,4488.29,4448.76,4459.45
4/19/2022,4390.63,4471.03,4390.63,4462.21
4/18/2022,4385.63,4410.31,4370.3,4391.69
4/14/2022,4449.12,4460.46,4390.77,4392.59
4/13/2022,4394.3,4453.92,4392.7,4446.59
4/12/2022,4437.59,4471,4381.34,4397.45
4/11/2022,4462.64,4464.35,4408.38,4412.53
4/8/2022,4494.15,4520.41,4474.6,4488.28
4/7/2022,4474.65,4521.16,4450.3,4500.21
4/6/2022,4494.17,4503.94,4450.04,4481.15
4/5/2022,4572.45,4593.45,4514.17,4525.12
4/4/2022,4547.97,4583.5,4539.21,4582.64
4/1/2022,4540.32,4548.7,4507.57,4545.86
3/31/2022,4599.02,4603.07,4530.41,4530.41
3/30/2022,4624.2,4627.77,4581.32,4602.45
3/29/2022,4602.86,4637.3,4589.66,4631.6
3/28/2022,4541.09,4575.65,4517.69,4575.52
3/25/2022,4522.91,4546.03,4501.07,4543.06
3/24/2022,4469.98,4520.58,4465.17,4520.16
3/23/2022,4493.1,4501.07,4455.81,4456.24
3/22/2022,4469.1,4522,4469.1,4511.61
3/21/2022,4462.4,4481.75,4424.3,4461.18
3/18/2022,4407.34,4465.4,4390.57,4463.12
3/17/2022,4345.11,4412.67,4335.65,4411.67
3/16/2022,4288.14,4358.9,4251.99,4357.86
3/15/2022,4188.82,4271.05,4187.9,4262.45
3/14/2022,4202.75,4247.57,4161.72,4173.11
3/11/2022,4279.5,4291.01,4200.49,4204.31
3/10/2022,4252.55,4268.28,4209.8,4259.52
3/9/2022,4223.1,4299.4,4223.1,4277.88
3/8/2022,4202.66,4276.94,4157.87,4170.7
3/7/2022,4327.01,4327.01,4199.85,4201.09
3/4/2022,4342.12,4342.12,4284.98,4328.87
3/3/2022,4401.31,4416.78,4345.56,4363.49
3/2/2022,4322.56,4401.48,4322.56,4386.54
3/1/2022,4363.14,4378.45,4279.54,4306.26
2/28/2022,4354.17,4388.84,4315.12,4373.94
2/25/2022,4298.38,4385.34,4286.83,4384.65
2/24/2022,4155.77,4294.73,4114.65,4288.7
2/23/2022,4324.93,4341.51,4221.51,4225.5
2/22/2022,4332.74,4362.12,4267.11,4304.76
2/18/2022,4384.57,4394.6,4327.22,4348.87
2/17/2022,4456.06,4456.06,4373.81,4380.26
2/16/2022,4455.75,4489.55,4429.68,4475.01
2/15/2022,4429.28,4472.77,4429.28,4471.07
2/14/2022,4412.61,4426.22,4364.84,4401.67
2/11/2022,4506.27,4526.33,4401.41,4418.64
2/10/2022,4553.24,4588.92,4484.31,4504.08
2/9/2022,4547,4590.03,4547,4587.18
2/8/2022,4480.02,4531.32,4465.4,4521.54
2/7/2022,4505.75,4521.86,4471.47,4483.87
2/4/2022,4482.79,4539.66,4451.5,4500.53
2/3/2022,4535.41,4542.88,4470.39,4477.44
2/2/2022,4566.39,4595.31,4544.32,4589.38
2/1/2022,4519.57,4550.49,4483.53,4546.54
1/31/2022,4431.79,4516.89,4414.02,4515.55
1/28/2022,4336.19,4432.72,4292.46,4431.85
1/27/2022,4380.58,4428.74,4309.5,4326.51
1/26/2022,4408.43,4453.23,4304.8,4349.93
1/25/2022,4366.64,4411.01,4287.11,4356.45
1/24/2022,4356.32,4417.35,4222.62,4410.13
1/21/2022,4471.38,4494.52,4395.34,4397.94
1/20/2022,4547.35,4602.11,4477.95,4482.73
1/19/2022,4588.03,4611.55,4530.2,4532.76
1/18/2022,4632.24,4632.24,4568.7,4577.11
1/14/2022,4637.99,4665.13,4614.75,4662.85
1/13/2022,4733.56,4744.13,4650.29,4659.03
1/12/2022,4728.59,4748.83,4706.71,4726.35
1/11/2022,4669.14,4714.13,4638.27,4713.07
1/10/2022,4655.34,4673.02,4582.24,4670.29
1/7/2022,4697.66,4707.95,4662.74,4677.03
1/6/2022,4693.39,4725.01,4671.26,4696.05
1/5/2022,4787.99,4797.7,4699.44,4700.58
1/4/2022,4804.51,4818.62,4774.27,4793.54
1/3/2022,4778.14,4796.64,4758.17,4796.56
12/31/2021,4775.21,4786.83,4765.75,4766.18
12/30/2021,4794.23,4808.93,4775.33,4778.73
12/29/2021,4788.64,4804.06,4778.08,4793.06
12/28/2021,4795.49,4807.02,4780.04,4786.35
12/27/2021,4733.99,4791.49,4733.99,4791.19
12/23/2021,4703.96,4740.74,4703.96,4725.79
12/22/2021,4650.36,4697.67,4645.53,4696.56
12/21/2021,4594.96,4651.14,4583.16,4649.23
12/20/2021,4587.9,4587.9,4531.1,4568.02
12/17/2021,4652.5,4666.7,4600.22,4620.64
12/16/2021,4719.13,4731.99,4651.89,4668.67
12/15/2021,4636.46,4712.6,4611.22,4709.85
12/14/2021,4642.99,4660.47,4606.52,4634.09
12/13/2021,4710.3,4710.3,4667.6,4668.97
12/10/2021,4687.64,4713.57,4670.24,4712.02
12/9/2021,4691,4695.26,4665.98,4667.45
12/8/2021,4690.86,4705.06,4674.52,4701.21
12/7/2021,4631.97,4694.04,4631.97,4686.75
12/6/2021,4548.37,4612.6,4540.51,4591.67
12/3/2021,4589.49,4608.03,4495.12,4538.43
12/2/2021,4504.73,4595.46,4504.73,4577.1
12/1/2021,4602.82,4652.94,4510.27,4513.04
11/30/2021,4640.25,4646.02,4560,4567
11/29/2021,4628.75,4672.95,4625.26,4655.27
11/26/2021,4664.63,4664.63,4585.43,4594.62
11/24/2021,4675.78,4702.87,4659.89,4701.46
11/23/2021,4678.48,4699.39,4652.66,4690.7
11/22/2021,4712,4743.83,4682.17,4682.94
11/19/2021,4708.44,4717.75,4694.22,4697.96
11/18/2021,4700.72,4708.8,4672.78,4704.54
11/17/2021,4701.5,4701.5,4684.41,4688.67
11/16/2021,4679.42,4714.95,4679.42,4700.9
11/15/2021,4689.3,4697.42,4672.86,4682.8
11/12/2021,4655.24,4688.47,4650.77,4682.85
11/11/2021,4659.39,4664.55,4648.31,4649.27
11/10/2021,4670.26,4684.85,4630.86,4646.71
11/9/2021,4707.25,4708.53,4670.87,4685.25
11/8/2021,4701.48,4714.92,4694.39,4701.7
11/5/2021,4699.26,4718.5,4681.32,4697.53
11/4/2021,4662.93,4683,4662.59,4680.06
11/3/2021,4630.65,4663.46,4621.19,4660.57
11/2/2021,4613.34,4635.15,4613.34,4630.65
11/1/2021,4610.62,4620.34,4595.06,4613.67
10/29/2021,4572.87,4608.08,4567.59,4605.38
10/28/2021,4562.84,4597.55,4562.84,4596.42
10/27/2021,4580.22,4584.57,4551.66,4551.68
10/26/2021,4578.69,4598.53,4569.17,4574.79
10/25/2021,4553.69,4572.62,4537.36,4566.48
10/22/2021,4546.12,4559.67,4524,4544.9
10/21/2021,4532.24,4551.44,4526.89,4549.78
10/20/2021,4524.42,4540.87,4524.4,4536.19
10/19/2021,4497.34,4520.4,4496.41,4519.63
10/18/2021,4463.72,4488.75,4447.47,4486.46
10/15/2021,4447.69,4475.82,4447.69,4471.37
10/14/2021,4386.75,4439.73,4386.75,4438.26
10/13/2021,4358.01,4372.87,4329.92,4363.8
10/12/2021,4368.31,4374.89,4342.09,4350.65
10/11/2021,4385.44,4415.88,4360.59,4361.19
10/8/2021,4406.51,4412.02,4386.22,4391.34
10/7/2021,4383.73,4429.97,4383.73,4399.76
10/6/2021,4319.57,4365.57,4290.49,4363.55
10/5/2021,4309.87,4369.23,4309.87,4345.72
10/4/2021,4348.84,4355.51,4278.94,4300.46
10/1/2021,4317.16,4375.19,4288.52,4357.04
9/30/2021,4370.67,4382.55,4306.24,4307.54
9/29/2021,4362.41,4385.57,4355.08,4359.46
9/28/2021,4419.54,4419.54,4346.33,4352.63
9/27/2021,4442.12,4457.3,4436.19,4443.11
9/24/2021,4438.04,4463.12,4430.27,4455.48
9/23/2021,4406.75,4465.4,4406.75,4448.98
9/22/2021,4367.43,4416.75,4367.43,4395.64
9/21/2021,4374.45,4394.87,4347.96,4354.19
9/20/2021,4402.95,4402.95,4305.91,4357.73
9/17/2021,4469.74,4471.52,4427.76,4432.99
9/16/2021,4477.09,4485.87,4443.8,4473.75
9/15/2021,4447.49,4486.87,4438.37,4480.7
9/14/2021,4479.33,4485.68,4435.46,4443.05
9/13/2021,4474.81,4492.99,4445.7,4468.73
9/10/2021,4506.92,4520.47,4457.66,4458.58
9/9/2021,4513.02,4529.9,4492.07,4493.28
9/8/2021,4518.09,4521.79,4493.95,4514.07
9/7/2021,4535.38,4535.38,4513,4520.03
9/3/2021,4532.42,4541.45,4521.3,4535.43
9/2/2021,4534.48,4545.85,4524.66,4536.95
9/1/2021,4528.8,4537.11,4522.02,4524.09
8/31/2021,4529.75,4531.39,4515.8,4522.68
8/30/2021,4513.76,4537.36,4513.76,4528.79
8/27/2021,4474.1,4513.33,4474.1,4509.37
8/26/2021,4493.75,4495.9,4468.99,4470
8/25/2021,4490.45,4501.71,4485.66,4496.19
8/24/2021,4484.4,4492.81,4482.28,4486.23
8/23/2021,4450.29,4489.88,4450.29,4479.53
8/20/2021,4410.56,4444.35,4406.8,4441.67
8/19/2021,4382.44,4418.61,4367.73,4405.8
8/18/2021,4440.94,4454.32,4397.59,4400.27
8/17/2021,4462.12,4462.12,4417.83,4448.08
8/16/2021,4461.65,4480.26,4437.66,4479.71
8/13/2021,4464.84,4468.37,4460.82,4468
8/12/2021,4446.08,4461.77,4435.96,4460.83
8/11/2021,4442.18,4449.44,4436.42,4447.7
8/10/2021,4435.79,4445.21,4430.03,4436.75
8/9/2021,4437.77,4439.39,4424.74,4432.35
8/6/2021,4429.07,4440.82,4429.07,4436.52
8/5/2021,4408.86,4429.76,4408.86,4429.1
8/4/2021,4415.95,4416.17,4400.23,4402.66
8/3/2021,4392.74,4423.79,4373,4423.15
8/2/2021,4406.86,4422.18,4384.81,4387.16
7/30/2021,4395.12,4412.25,4389.65,4395.26
7/29/2021,4403.59,4429.97,4403.59,4419.15
7/28/2021,4402.95,4415.47,4387.01,4400.64
7/27/2021,4416.38,4416.38,4372.51,4401.46
7/26/2021,4409.58,4422.73,4405.45,4422.3
7/23/2021,4381.2,4415.18,4381.2,4411.79
7/22/2021,4361.27,4369.87,4350.06,4367.48
7/21/2021,4331.13,4359.7,4331.13,4358.69
7/20/2021,4265.11,4336.84,4262.05,4323.06
7/19/2021,4296.4,4296.4,4233.13,4258.49
7/16/2021,4367.43,4375.09,4322.53,4327.16
7/15/2021,4369.02,4369.02,4340.7,4360.03
7/14/2021,4380.11,4393.68,4362.36,4374.3
7/13/2021,4381.07,4392.37,4366.92,4369.21
7/12/2021,4372.41,4386.68,4364.03,4384.63
7/9/2021,4329.38,4371.6,4329.38,4369.55
7/8/2021,4321.07,4330.88,4289.37,4320.82
7/7/2021,4351.01,4361.88,4329.79,4358.13
7/6/2021,4356.46,4356.46,4314.37,4343.54
7/2/2021,4326.6,4355.43,4326.6,4352.34
7/1/2021,4300.73,4320.66,4300.73,4319.94
6/30/2021,4290.65,4302.43,4287.96,4297.5
6/29/2021,4293.21,4300.52,4287.04,4291.8
6/28/2021,4284.9,4292.14,4274.67,4290.61
6/25/2021,4274.45,4286.12,4271.16,4280.7
6/24/2021,4256.97,4271.28,4256.97,4266.49
6/23/2021,4249.27,4256.6,4241.43,4241.84
6/22/2021,4224.61,4255.84,4217.27,4246.44
6/21/2021,4173.4,4226.24,4173.4,4224.79
6/18/2021,4204.78,4204.78,4164.4,4166.45
6/17/2021,4220.37,4232.29,4196.05,4221.86
6/16/2021,4248.87,4251.89,4202.45,4223.7
6/15/2021,4255.28,4257.16,4238.35,4246.59
6/14/2021,4248.31,4255.59,4234.07,4255.15
6/11/2021,4242.9,4248.38,4232.25,4247.44
6/10/2021,4228.56,4249.74,4220.34,4239.18
6/9/2021,4232.99,4237.09,4218.74,4219.55
6/8/2021,4233.81,4236.74,4208.41,4227.26
6/7/2021,4229.34,4232.34,4215.66,4226.52
6/4/2021,4206.05,4233.45,4206.05,4229.89
6/3/2021,4191.43,4204.39,4167.93,4192.85
6/2/2021,4206.82,4217.37,4198.27,4208.12
6/1/2021,4216.52,4234.12,4197.59,4202.04
5/28/2021,4210.77,4218.36,4203.57,4204.11
5/27/2021,4201.94,4213.38,4197.78,4200.88
5/26/2021,4191.59,4202.61,4184.11,4195.99
5/25/2021,4205.94,4213.42,4182.52,4188.13
5/24/2021,4170.16,4209.52,4170.16,4197.05
5/21/2021,4168.61,4188.72,4151.72,4155.86
5/20/2021,4121.97,4172.8,4121.97,4159.12
5/19/2021,4098.45,4116.93,4061.41,4115.68
5/18/2021,4165.94,4169.15,4125.99,4127.83
5/17/2021,4169.92,4171.92,4142.69,4163.29
5/14/2021,4129.58,4183.13,4129.58,4173.85
5/13/2021,4074.99,4131.58,4074.99,4112.5
5/12/2021,4130.55,4134.73,4056.88,4063.04
5/11/2021,4150.34,4162.04,4111.53,4152.1
5/10/2021,4228.29,4236.39,4188.13,4188.43
5/7/2021,4210.34,4238.04,4201.64,4232.6
5/6/2021,4169.14,4202.7,4147.33,4201.62
5/5/2021,4177.06,4187.72,4160.94,4167.59
5/4/2021,4179.04,4179.04,4128.59,4164.66
5/3/2021,4191.98,4209.39,4188.03,4192.66
4/30/2021,4198.1,4198.1,4174.85,4181.17
4/29/2021,4206.14,4218.78,4176.81,4211.47
4/28/2021,4185.14,4201.53,4181.78,4183.18
4/27/2021,4188.25,4193.35,4176.22,4186.72
4/26/2021,4185.03,4194.19,4182.36,4187.62
4/23/2021,4138.78,4194.17,4138.78,4180.17
4/22/2021,4170.46,4179.57,4123.69,4134.98
4/21/2021,4128.42,4175.02,4126.35,4173.42
4/20/2021,4159.18,4159.18,4118.38,4134.94
4/19/2021,4179.8,4180.81,4150.47,4163.26
4/16/2021,4174.14,4191.31,4170.75,4185.47
4/15/2021,4139.76,4173.49,4139.76,4170.42
4/14/2021,4141.58,4151.69,4120.87,4124.66
4/13/2021,4130.1,4148,4124.43,4141.59
4/12/2021,4124.71,4131.76,4114.82,4127.99
4/9/2021,4096.11,4129.48,4095.51,4128.8
4/8/2021,4089.95,4098.19,4082.54,4097.17
4/7/2021,4074.29,4083.13,4068.31,4079.95
4/6/2021,4075.57,4086.23,4068.14,4073.94
4/5/2021,4034.44,4083.42,4034.44,4077.91
4/1/2021,3992.78,4020.63,3992.78,4019.87
3/31/2021,3967.25,3994.41,3966.98,3972.89
3/30/2021,3963.34,3968.01,3944.35,3958.55
3/29/2021,3969.31,3981.83,3943.25,3971.09
3/26/2021,3917.12,3978.19,3917.12,3974.54
3/25/2021,3879.34,3919.54,3853.5,3909.52
3/24/2021,3919.93,3942.08,3889.07,3889.14
3/23/2021,3937.6,3949.13,3901.57,3910.52
3/22/2021,3916.48,3955.31,3914.16,3940.59
3/19/2021,3913.14,3930.12,3886.75,3913.1
3/18/2021,3953.5,3969.62,3910.86,3915.46
3/17/2021,3949.57,3983.87,3935.74,3974.12
3/16/2021,3973.59,3981.04,3953.44,3962.71
3/15/2021,3942.96,3970.08,3923.54,3968.94
3/12/2021,3924.52,3944.99,3915.21,3943.34
3/11/2021,3915.54,3960.27,3915.54,3939.34
3/10/2021,3891.99,3917.35,3885.73,3898.81
3/9/2021,3851.93,3903.76,3851.93,3875.44
3/8/2021,3844.39,3881.06,3819.25,3821.35
3/5/2021,3793.58,3851.69,3730.19,3841.94
3/4/2021,3818.53,3843.67,3723.34,3768.47
3/3/2021,3863.99,3874.47,3818.86,3819.72
3/2/2021,3903.64,3906.41,3868.57,3870.29
3/1/2021,3842.51,3914.5,3842.51,3901.82
2/26/2021,3839.66,3861.08,3789.54,3811.15
2/25/2021,3915.8,3925.02,3814.04,3829.34
2/24/2021,3873.71,3928.65,3859.6,3925.43
2/23/2021,3857.07,3895.98,3805.59,3881.37
2/22/2021,3885.55,3902.92,3874.71,3876.5
2/19/2021,3921.16,3930.41,3903.07,3906.71
2/18/2021,3915.86,3921.98,3885.03,3913.97
2/17/2021,3918.5,3933.61,3900.43,3931.33
2/16/2021,3939.61,3950.43,3923.85,3932.59
2/12/2021,3911.65,3937.23,3905.78,3934.83
2/11/2021,3916.4,3925.99,3890.39,3916.38
2/10/2021,3920.78,3931.5,3884.94,3909.88
2/9/2021,3910.49,3918.35,3902.64,3911.23
2/8/2021,3892.59,3915.77,3892.59,3915.59
2/5/2021,3878.3,3894.56,3874.93,3886.83
2/4/2021,3836.66,3872.42,3836.66,3871.74
2/3/2021,3840.27,3847.51,3816.68,3830.17
2/2/2021,3791.84,3843.09,3791.84,3826.31
2/1/2021,3731.17,3784.32,3725.62,3773.86
1/29/2021,3778.05,3778.05,3694.12,3714.24
1/28/2021,3755.75,3830.5,3755.75,3787.38
1/27/2021,3836.83,3836.83,3732.48,3750.77
1/26/2021,3862.96,3870.9,3847.78,3849.62
1/25/2021,3851.68,3859.23,3797.16,3855.36
1/22/2021,3844.24,3852.31,3830.41,3841.47
1/21/2021,3857.46,3861.45,3845.05,3853.07
1/20/2021,3816.22,3859.75,3816.22,3851.85
1/19/2021,3781.88,3804.53,3780.37,3798.91
1/15/2021,3788.73,3788.73,3749.62,3768.25
1/14/2021,3814.98,3823.6,3792.86,3795.54
1/13/2021,3802.23,3820.96,3791.5,3809.84
1/12/2021,3801.62,3810.78,3776.51,3801.19
1/11/2021,3803.14,3817.86,3789.02,3799.61
1/8/2021,3815.05,3826.69,3783.6,3824.68
1/7/2021,3764.71,3811.55,3764.71,3803.79
1/6/2021,3712.2,3783.04,3705.34,3748.14
1/5/2021,3698.02,3737.83,3695.07,3726.86
1/4/2021,3764.61,3769.99,3662.71,3700.65
12/31/2020,3733.27,3760.2,3726.88,3756.07
12/30/2020,3736.19,3744.63,3730.21,3732.04
12/29/2020,3750.01,3756.12,3723.31,3727.04
12/28/2020,3723.03,3740.51,3723.03,3735.36
12/24/2020,3694.03,3703.82,3689.32,3703.06
12/23/2020,3693.42,3711.24,3689.28,3690.01
12/22/2020,3698.08,3698.26,3676.16,3687.26
12/21/2020,3684.28,3702.9,3636.48,3694.92
12/18/2020,3722.39,3726.7,3685.84,3709.41
12/17/2020,3713.65,3725.12,3710.87,3722.48
12/16/2020,3696.25,3711.27,3688.57,3701.17
12/15/2020,3666.41,3695.29,3659.62,3694.62
12/14/2020,3675.27,3697.61,3645.84,3647.49
12/11/2020,3656.08,3665.91,3633.4,3663.46
12/10/2020,3659.13,3678.49,3645.18,3668.1
12/9/2020,3705.98,3712.39,3660.54,3672.82
12/8/2020,3683.05,3708.45,3678.83,3702.25
12/7/2020,3694.73,3697.41,3678.88,3691.96
12/4/2020,3670.94,3699.2,3670.94,3699.12
12/3/2020,3668.28,3682.73,3657.17,3666.72
12/2/2020,3653.78,3670.96,3644.84,3669.01
12/1/2020,3645.87,3678.45,3645.87,3662.45
11/30/2020,3634.18,3634.18,3594.39,3621.63
11/27/2020,3638.55,3644.31,3629.33,3638.35
11/25/2020,3635.5,3635.5,3617.76,3629.65
11/24/2020,3594.52,3642.31,3594.52,3635.41
11/23/2020,3566.82,3589.81,3552.77,3577.59
11/20/2020,3579.31,3581.23,3556.85,3557.54
11/19/2020,3559.41,3585.22,3543.84,3581.87
11/18/2020,3612.09,3619.09,3567.33,3567.79
11/17/2020,3610.31,3623.11,3588.68,3609.53
11/16/2020,3600.16,3628.51,3600.16,3626.91
11/13/2020,3552.57,3593.66,3552.57,3585.15
11/12/2020,3562.67,3569.02,3518.58,3537.01
11/11/2020,3563.22,3581.16,3557,3572.66
11/10/2020,3543.26,3557.22,3511.91,3545.53
11/9/2020,3583.04,3645.99,3547.48,3550.5
11/6/2020,3508.34,3521.58,3484.34,3509.44
11/5/2020,3485.74,3529.05,3485.74,3510.45
11/4/2020,3406.46,3486.25,3405.17,3443.44
11/3/2020,3336.25,3389.49,3336.25,3369.16
11/2/2020,3296.2,3330.14,3279.74,3310.24
10/30/2020,3293.59,3304.93,3233.94,3269.96
10/29/2020,3277.17,3341.05,3259.82,3310.11
10/28/2020,3342.48,3342.48,3268.89,3271.03
10/27/2020,3403.15,3409.51,3388.71,3390.68
10/26/2020,3441.42,3441.42,3364.86,3400.97
10/23/2020,3464.9,3466.46,3440.45,3465.39
10/22/2020,3438.5,3460.53,3415.34,3453.49
10/21/2020,3439.91,3464.86,3433.06,3435.56
10/20/2020,3439.38,3476.93,3435.65,3443.12
10/19/2020,3493.66,3502.42,3419.93,3426.92
10/16/2020,3493.5,3515.76,3480.45,3483.81
10/15/2020,3453.72,3489.08,3440.89,3483.34
10/14/2020,3515.47,3527.94,3480.55,3488.67
10/13/2020,3534.01,3534.01,3500.86,3511.93
10/12/2020,3500.02,3549.85,3499.61,3534.22
10/9/2020,3459.67,3482.34,3458.07,3477.13
10/8/2020,3434.28,3447.28,3428.15,3446.83
10/7/2020,3384.56,3426.26,3384.56,3419.45
10/6/2020,3408.74,3431.56,3354.54,3360.95
10/5/2020,3367.27,3409.57,3367.27,3408.63
10/2/2020,3338.94,3369.1,3323.69,3348.44
10/1/2020,3385.87,3397.18,3361.39,3380.8
9/30/2020,3341.21,3393.56,3340.47,3363
9/29/2020,3350.92,3357.92,3327.54,3335.47
9/28/2020,3333.9,3360.74,3332.91,3351.6
9/25/2020,3236.66,3306.88,3228.44,3298.46
9/24/2020,3226.14,3278.7,3209.45,3246.59
9/23/2020,3320.11,3323.35,3232.57,3236.92
9/22/2020,3295.75,3320.31,3270.95,3315.57
9/21/2020,3285.57,3285.57,3229.1,3281.06
9/18/2020,3357.38,3362.27,3292.4,3319.47
9/17/2020,3346.86,3375.17,3328.82,3357.01
9/16/2020,3411.23,3428.92,3384.45,3385.49
9/15/2020,3407.73,3419.48,3389.25,3401.2
9/14/2020,3363.56,3402.93,3363.56,3383.54
9/11/2020,3352.7,3368.95,3310.47,3340.97
9/10/2020,3412.56,3425.55,3329.25,3339.19
9/9/2020,3369.82,3424.77,3366.84,3398.96
9/8/2020,3371.88,3379.97,3329.27,3331.84
9/4/2020,3453.6,3479.15,3349.63,3426.96
9/3/2020,3564.74,3564.85,3427.41,3455.06
9/2/2020,3543.76,3588.11,3535.23,3580.84
9/1/2020,3507.44,3528.03,3494.6,3526.65
8/31/2020,3509.73,3514.77,3493.25,3500.31
8/28/2020,3494.69,3509.23,3484.32,3508.01
8/27/2020,3485.14,3501.38,3468.35,3484.55
8/26/2020,3449.97,3481.07,3444.15,3478.73
8/25/2020,3435.95,3444.21,3425.84,3443.62
8/24/2020,3418.09,3432.09,3413.13,3431.28
8/21/2020,3386.01,3399.96,3379.31,3397.16
8/20/2020,3360.48,3390.8,3354.69,3385.51
8/19/2020,3392.51,3399.54,3369.66,3374.85
8/18/2020,3387.04,3395.06,3370.15,3389.78
8/17/2020,3380.86,3387.59,3379.22,3381.99
8/14/2020,3368.66,3378.51,3361.64,3372.85
8/13/2020,3372.95,3387.24,3363.35,3373.43
8/12/2020,3355.46,3387.89,3355.46,3380.35
8/11/2020,3370.34,3381.01,3326.44,3333.69
8/10/2020,3356.04,3363.29,3335.44,3360.47
8/7/2020,3340.05,3352.54,3328.72,3351.28
8/6/2020,3323.17,3351.03,3318.14,3349.16
8/5/2020,3317.37,3330.77,3317.37,3327.77
8/4/2020,3289.92,3306.84,3286.37,3306.51
8/3/2020,3288.26,3302.73,3284.53,3294.61
7/31/2020,3270.45,3272.17,3220.26,3271.12
7/30/2020,3231.76,3250.92,3204.13,3246.22
7/29/2020,3227.22,3264.74,3227.22,3258.44
7/28/2020,3234.27,3243.72,3216.17,3218.44
7/27/2020,3219.84,3241.43,3214.25,3239.41
7/24/2020,3218.58,3227.26,3200.05,3215.63
7/23/2020,3271.64,3279.99,3222.66,3235.66
7/22/2020,3254.86,3279.32,3253.1,3276.02
7/21/2020,3268.52,3277.29,3247.77,3257.3
7/20/2020,3224.29,3258.61,3215.16,3251.84
7/17/2020,3224.21,3233.52,3205.65,3224.73
7/16/2020,3208.36,3220.39,3198.59,3215.57
7/15/2020,3225.98,3238.28,3200.76,3226.56
7/14/2020,3141.11,3200.95,3127.66,3197.52
7/13/2020,3205.08,3235.32,3149.43,3155.22
7/10/2020,3152.47,3186.82,3136.22,3185.04
7/9/2020,3176.17,3179.78,3115.7,3152.05
7/8/2020,3153.07,3171.8,3136.53,3169.94
7/7/2020,3166.44,3184.15,3142.93,3145.32
7/6/2020,3155.29,3182.59,3155.29,3179.72
7/2/2020,3143.64,3165.81,3124.52,3130.01
7/1/2020,3105.92,3128.44,3101.17,3115.86
6/30/2020,3050.2,3111.51,3047.83,3100.29
6/29/2020,3018.59,3053.89,2999.74,3053.24
6/26/2020,3073.2,3073.73,3004.63,3009.05
6/25/2020,3046.6,3086.25,3024.01,3083.76
6/24/2020,3114.4,3115.01,3032.13,3050.33
6/23/2020,3138.7,3154.9,3127.12,3131.29
6/22/2020,3094.42,3120.92,3079.39,3117.86
6/19/2020,3140.29,3155.53,3083.11,3097.74
6/18/2020,3101.64,3120,3093.51,3115.34
6/17/2020,3136.13,3141.16,3108.03,3113.49
6/16/2020,3131,3153.45,3076.06,3124.74
6/15/2020,2993.76,3079.76,2965.66,3066.59
6/12/2020,3071.04,3088.42,2984.47,3041.31
6/11/2020,3123.53,3123.53,2999.49,3002.1
6/10/2020,3213.42,3223.27,3181.49,3190.14
6/9/2020,3213.32,3222.71,3193.11,3207.18
6/8/2020,3199.92,3233.13,3196,3232.39
6/5/2020,3163.84,3211.72,3163.84,3193.93
6/4/2020,3111.56,3128.91,3090.41,3112.35
6/3/2020,3098.9,3130.94,3098.9,3122.87
6/2/2020,3064.78,3081.07,3051.64,3080.82
6/1/2020,3038.78,3062.18,3031.54,3055.73
5/29/2020,3025.17,3049.17,2998.61,3044.31
5/28/2020,3046.61,3068.67,3023.4,3029.73
5/27/2020,3015.65,3036.25,2969.75,3036.13
5/26/2020,3004.08,3021.72,2988.17,2991.77
5/22/2020,2948.05,2956.76,2933.59,2955.45
5/21/2020,2969.95,2978.5,2938.57,2948.51
5/20/2020,2953.63,2980.29,2953.63,2971.61
5/19/2020,2948.59,2964.21,2922.35,2922.94
5/18/2020,2913.86,2968.09,2913.86,2953.91
5/15/2020,2829.95,2865.01,2816.78,2863.7
5/14/2020,2794.54,2852.8,2766.64,2852.5
5/13/2020,2865.86,2874.14,2793.15,2820
5/12/2020,2939.5,2945.82,2869.59,2870.12
5/11/2020,2915.46,2944.25,2903.44,2930.32
5/8/2020,2908.83,2932.16,2902.88,2929.8
5/7/2020,2878.26,2901.92,2876.48,2881.19
5/6/2020,2883.14,2891.11,2847.65,2848.42
5/5/2020,2868.88,2898.23,2863.55,2868.44
5/4/2020,2815.01,2844.24,2797.85,2842.74
5/1/2020,2869.09,2869.09,2821.61,2830.71
4/30/2020,2930.91,2930.91,2892.47,2912.43
4/29/2020,2918.46,2954.86,2912.16,2939.51
4/28/2020,2909.96,2921.15,2860.71,2863.39
4/27/2020,2854.65,2887.72,2852.89,2878.48
4/24/2020,2812.64,2842.71,2791.76,2836.74
4/23/2020,2810.42,2844.9,2794.26,2797.8
4/22/2020,2787.89,2815.1,2775.95,2799.31
4/21/2020,2784.81,2785.54,2727.1,2736.56
4/20/2020,2845.62,2868.98,2820.43,2823.16
4/17/2020,2842.43,2879.22,2830.88,2874.56
4/16/2020,2799.34,2806.51,2764.32,2799.55
4/15/2020,2795.64,2801.88,2761.54,2783.36
4/14/2020,2805.1,2851.85,2805.1,2846.06
4/13/2020,2782.46,2782.46,2721.17,2761.63
4/9/2020,2776.99,2818.57,2762.36,2789.82
4/8/2020,2685,2760.75,2663.3,2749.98
4/7/2020,2738.65,2756.89,2657.67,2659.41
4/6/2020,2578.28,2676.85,2574.57,2663.68
4/3/2020,2514.92,2538.18,2459.96,2488.65
4/2/2020,2458.54,2533.22,2455.79,2526.9
4/1/2020,2498.08,2522.75,2447.49,2470.5
3/31/2020,2614.69,2641.39,2571.15,2584.59
3/30/2020,2558.98,2631.8,2545.28,2626.65
3/27/2020,2555.87,2615.91,2520.02,2541.47
3/26/2020,2501.29,2637.01,2500.72,2630.07
3/25/2020,2457.77,2571.42,2407.53,2475.56
3/24/2020,2344.44,2449.71,2344.44,2447.33
3/23/2020,2290.71,2300.73,2191.86,2237.4
3/20/2020,2431.94,2453.01,2295.56,2304.92
3/19/2020,2393.48,2466.97,2319.78,2409.39
3/18/2020,2436.5,2453.57,2280.52,2398.1
3/17/2020,2425.66,2553.93,2367.04,2529.19
3/16/2020,2508.59,2562.98,2380.94,2386.13
3/13/2020,2569.99,2711.33,2492.37,2711.02
3/12/2020,2630.86,2660.95,2478.86,2480.64
3/11/2020,2825.6,2825.6,2707.22,2741.38
3/10/2020,2813.48,2882.59,2734,2882.23
3/9/2020,2863.89,2863.89,2734.43,2746.56
3/6/2020,2954.2,2985.93,2901.54,2972.37
3/5/2020,3075.7,3083.04,2999.83,3023.94
3/4/2020,3045.75,3130.97,3034.38,3130.12
3/3/2020,3096.46,3136.72,2976.63,3003.37
3/2/2020,2974.28,3090.96,2945.19,3090.23
2/28/2020,2916.9,2959.72,2855.84,2954.22
2/27/2020,3062.54,3097.07,2977.39,2978.76
2/26/2020,3139.9,3182.51,3108.99,3116.39
2/25/2020,3238.94,3246.99,3118.77,3128.21
2/24/2020,3257.61,3259.81,3214.65,3225.89
2/21/2020,3360.5,3360.76,3328.45,3337.75
2/20/2020,3380.45,3389.15,3341.02,3373.23
2/19/2020,3380.39,3393.52,3378.83,3386.15
2/18/2020,3369.04,3375.01,3355.61,3370.29
2/14/2020,3378.08,3380.69,3366.15,3380.16
2/13/2020,3365.9,3385.09,3360.52,3373.94
2/12/2020,3370.5,3381.47,3369.72,3379.45
2/11/2020,3365.87,3375.63,3352.72,3357.75
2/10/2020,3318.28,3352.26,3317.77,3352.09
2/7/2020,3335.54,3341.42,3322.12,3327.71
2/6/2020,3344.92,3347.96,3334.39,3345.78
2/5/2020,3324.91,3337.58,3313.75,3334.69
2/4/2020,3280.61,3306.92,3280.61,3297.59
2/3/2020,3235.66,3268.44,3235.66,3248.92
1/31/2020,3282.33,3282.33,3214.68,3225.52
1/30/2020,3256.45,3285.91,3242.8,3283.66
1/29/2020,3289.46,3293.47,3271.89,3273.4
1/28/2020,3255.35,3285.78,3253.22,3276.24
1/27/2020,3247.16,3258.85,3234.5,3243.63
1/24/2020,3333.1,3333.18,3281.53,3295.47
1/23/2020,3315.77,3326.88,3301.87,3325.54
1/22/2020,3330.02,3337.77,3320.04,3321.75
1/21/2020,3321.03,3329.79,3316.61,3320.79
1/17/2020,3323.66,3329.88,3318.86,3329.62
1/16/2020,3302.97,3317.11,3302.82,3316.81
1/15/2020,3282.27,3298.66,3280.69,3289.29
1/14/2020,3285.35,3294.25,3277.19,3283.15
1/13/2020,3271.13,3288.13,3268.43,3288.13
1/10/2020,3281.81,3282.99,3260.86,3265.35
1/9/2020,3266.03,3275.58,3263.67,3274.7
1/8/2020,3238.59,3267.07,3236.67,3253.05
1/7/2020,3241.86,3244.91,3232.43,3237.18
1/6/2020,3217.55,3246.84,3214.64,3246.28
1/3/2020,3226.36,3246.15,3222.34,3234.85
1/2/2020,3244.67,3258.14,3235.53,3257.85
12/31/2019,3215.18,3231.72,3212.03,3230.78
12/30/2019,3240.09,3240.92,3216.57,3221.29
12/27/2019,3247.23,3247.93,3234.37,3240.02
12/26/2019,3227.2,3240.08,3227.2,3239.91
12/24/2019,3225.45,3226.43,3220.51,3223.38
12/23/2019,3226.05,3227.78,3222.3,3224.01
12/20/2019,3223.33,3225.65,3216.03,3221.22
12/19/2019,3192.32,3205.48,3192.32,3205.37
12/18/2019,3195.21,3198.48,3191.14,3191.14
12/17/2019,3195.4,3198.22,3191.03,3192.52
12/16/2019,3183.63,3197.71,3183.63,3191.45
12/13/2019,3166.65,3182.68,3156.51,3168.8
12/12/2019,3141.23,3176.28,3138.47,3168.57
12/11/2019,3135.75,3143.98,3133.21,3141.63
12/10/2019,3135.36,3142.12,3126.09,3132.52
12/9/2019,3141.86,3148.87,3135.46,3135.96
12/6/2019,3134.62,3150.6,3134.62,3145.91
12/5/2019,3119.21,3119.45,3103.76,3117.43
12/4/2019,3103.5,3119.38,3102.53,3112.76
12/3/2019,3087.41,3094.97,3070.33,3093.2
12/2/2019,3143.85,3144.31,3110.78,3113.87
11/29/2019,3147.18,3150.3,3139.34,3140.98
11/27/2019,3145.49,3154.26,3143.41,3153.63
11/26/2019,3134.85,3142.69,3131,3140.52
11/25/2019,3117.44,3133.83,3117.44,3133.64
11/22/2019,3111.41,3112.87,3099.26,3110.29
11/21/2019,3108.49,3110.11,3094.55,3103.54
11/20/2019,3114.66,3118.97,3091.41,3108.46
11/19/2019,3127.45,3127.64,3113.47,3120.18
11/18/2019,3117.91,3124.17,3112.06,3122.03
11/15/2019,3107.92,3120.46,3104.6,3120.46
11/14/2019,3090.75,3098.2,3083.26,3096.63
11/13/2019,3084.18,3098.06,3078.8,3094.04
11/12/2019,3089.28,3102.61,3084.73,3091.84
11/11/2019,3080.33,3088.33,3075.82,3087.01
11/8/2019,3081.25,3093.09,3073.58,3093.08
11/7/2019,3087.02,3097.77,3080.23,3085.18
11/6/2019,3075.1,3078.34,3065.89,3076.78
11/5/2019,3080.8,3083.95,3072.15,3074.62
11/4/2019,3078.96,3085.2,3074.87,3078.27
11/1/2019,3050.72,3066.95,3050.72,3066.91
10/31/2019,3046.9,3046.9,3023.19,3037.56
10/30/2019,3039.74,3050.1,3025.96,3046.77
10/29/2019,3035.39,3047.87,3034.81,3036.89
10/28/2019,3032.12,3044.08,3032.12,3039.42
10/25/2019,3003.32,3027.39,3001.94,3022.55
10/24/2019,3014.78,3016.07,3000.42,3010.29
10/23/2019,2994.01,3004.78,2991.21,3004.52
10/22/2019,3010.73,3014.57,2995.04,2995.99
10/21/2019,2996.48,3007.33,2995.35,3006.72
10/18/2019,2996.84,3000,2976.31,2986.2
10/17/2019,3000.77,3008.29,2991.79,2997.95
10/16/2019,2989.68,2997.54,2985.2,2989.69
10/15/2019,2973.61,3003.28,2973.61,2995.68
10/14/2019,2965.81,2972.84,2962.94,2966.15
10/11/2019,2963.07,2993.28,2963.07,2970.27
10/10/2019,2918.55,2948.46,2917.12,2938.13
10/9/2019,2911.1,2929.32,2907.41,2919.4
10/8/2019,2920.4,2925.47,2892.66,2893.06
10/7/2019,2944.23,2959.75,2935.68,2938.79
10/4/2019,2918.56,2953.74,2918.56,2952.01
10/3/2019,2885.38,2911.13,2855.94,2910.63
10/2/2019,2924.78,2924.78,2874.93,2887.61
10/1/2019,2983.69,2992.53,2938.7,2940.25
9/30/2019,2967.07,2983.85,2967.07,2976.74
9/27/2019,2985.47,2987.31,2945.53,2961.79
9/26/2019,2985.73,2987.28,2963.71,2977.62
9/25/2019,2968.35,2989.82,2952.86,2984.87
9/24/2019,3002.43,3007.98,2957.73,2966.6
9/23/2019,2983.5,2999.15,2982.23,2991.78
9/20/2019,3008.42,3016.37,2984.68,2992.07
9/19/2019,3010.36,3021.99,3003.16,3006.79
9/18/2019,3001.5,3007.83,2978.57,3006.73
9/17/2019,2995.67,3006.21,2993.73,3005.7
9/16/2019,2996.41,3002.19,2990.67,2997.96
9/13/2019,3012.21,3017.33,3002.9,3007.39
9/12/2019,3009.08,3020.74,3000.92,3009.57
9/11/2019,2981.41,3000.93,2975.31,3000.93
9/10/2019,2971.01,2979.39,2957.01,2979.39
9/9/2019,2988.43,2989.43,2969.39,2978.43
9/6/2019,2980.33,2985.03,2972.51,2978.71
9/5/2019,2960.6,2985.86,2960.6,2976
9/4/2019,2924.67,2938.84,2921.86,2937.78
9/3/2019,2909.01,2914.39,2891.85,2906.27
8/30/2019,2937.09,2940.43,2913.32,2926.46
8/29/2019,2910.37,2930.5,2905.67,2924.58
8/28/2019,2861.28,2890.03,2853.05,2887.94
8/27/2019,2893.14,2898.79,2860.59,2869.16
8/26/2019,2866.7,2879.27,2856,2878.38
8/23/2019,2911.07,2927.01,2834.97,2847.11
8/22/2019,2930.94,2939.08,2904.51,2922.95
8/21/2019,2922.04,2928.73,2917.91,2924.43
8/20/2019,2919.01,2923.63,2899.6,2900.51
8/19/2019,2913.48,2931,2913.48,2923.65
8/16/2019,2864.74,2893.63,2864.74,2888.68
8/15/2019,2846.2,2856.67,2825.51,2847.6
8/14/2019,2894.15,2894.15,2839.64,2840.6
8/13/2019,2880.72,2943.31,2877.05,2926.32
8/12/2019,2907.07,2907.58,2873.14,2883.75
8/9/2019,2930.51,2935.75,2900.15,2918.65
8/8/2019,2896.21,2938.72,2894.47,2938.09
8/7/2019,2858.65,2892.17,2825.71,2883.98
8/6/2019,2861.18,2884.4,2847.42,2881.77
8/5/2019,2898.07,2898.07,2822.12,2844.74
8/2/2019,2943.9,2945.5,2914.11,2932.05
8/1/2019,2980.32,3013.59,2945.23,2953.56
7/31/2019,3016.22,3017.4,2958.08,2980.38
7/30/2019,3007.66,3017.19,3000.94,3013.18
7/29/2019,3024.47,3025.61,3014.3,3020.97
7/26/2019,3013.25,3027.98,3012.59,3025.86
7/25/2019,3016.26,3016.31,2997.24,3003.67
7/24/2019,2998.77,3019.59,2996.82,3019.56
7/23/2019,2994.74,3005.9,2988.56,3005.47
7/22/2019,2981.93,2990.71,2976.65,2985.03
7/19/2019,3004.26,3006.02,2975.86,2976.61
7/18/2019,2978.87,2998.28,2973.09,2995.11
7/17/2019,3005.1,3005.26,2984.25,2984.42
7/16/2019,3012.13,3015.02,3001.15,3004.04
7/15/2019,3017.8,3017.8,3008.77,3014.3
7/12/2019,3003.36,3013.92,3001.87,3013.77
7/11/2019,2999.62,3002.33,2988.8,2999.91
7/10/2019,2989.3,3002.98,2984.62,2993.07
7/9/2019,2965.52,2981.9,2963.44,2979.63
7/8/2019,2979.77,2980.76,2970.09,2975.95
7/5/2019,2984.25,2994.03,2967.97,2990.41
7/3/2019,2978.08,2995.84,2977.96,2995.82
7/2/2019,2964.66,2973.21,2955.92,2973.01
7/1/2019,2971.41,2977.93,2952.22,2964.33
6/28/2019,2932.94,2943.98,2929.05,2941.76
6/27/2019,2919.66,2929.3,2918.57,2924.92
6/26/2019,2926.07,2932.59,2912.99,2913.78
6/25/2019,2945.78,2946.52,2916.01,2917.38
6/24/2019,2951.42,2954.92,2944.05,2945.35
6/21/2019,2952.71,2964.15,2946.87,2950.46
6/20/2019,2949.6,2958.06,2931.5,2954.18
6/19/2019,2920.55,2931.74,2911.43,2926.46
6/18/2019,2906.71,2930.79,2905.44,2917.75
6/17/2019,2889.75,2897.27,2887.3,2889.67
6/14/2019,2886.82,2894.45,2879.62,2886.98
6/13/2019,2886.24,2895.24,2881.99,2891.64
6/12/2019,2882.73,2888.57,2874.68,2879.84
6/11/2019,2903.27,2910.61,2878.53,2885.72
6/10/2019,2885.83,2904.77,2885.51,2886.73
6/7/2019,2852.87,2884.97,2852.87,2873.34
6/6/2019,2828.51,2852.1,2822.45,2843.49
6/5/2019,2818.09,2827.28,2800.92,2826.15
6/4/2019,2762.64,2804.49,2762.64,2803.27
6/3/2019,2751.53,2763.07,2728.81,2744.45
5/31/2019,2766.15,2768.98,2750.52,2752.06
5/30/2019,2786.94,2799,2776.74,2788.86
5/29/2019,2790.25,2792.03,2766.06,2783.02
5/28/2019,2830.03,2840.51,2801.58,2802.39
5/24/2019,2832.41,2841.36,2820.19,2826.06
5/23/2019,2836.7,2836.7,2805.49,2822.24
5/22/2019,2856.06,2865.47,2851.11,2856.27
5/21/2019,2854.02,2868.88,2854.02,2864.36
5/20/2019,2841.94,2853.86,2831.29,2840.23
5/17/2019,2858.6,2885.48,2854.23,2859.53
5/16/2019,2855.8,2892.15,2855.8,2876.32
5/15/2019,2820.38,2858.68,2815.08,2850.96
5/14/2019,2820.12,2852.54,2820.12,2834.41
5/13/2019,2840.19,2840.19,2801.43,2811.87
5/10/2019,2863.1,2891.31,2825.39,2881.4
5/9/2019,2859.84,2875.97,2836.4,2870.72
5/8/2019,2879.61,2897.96,2873.28,2879.42
5/7/2019,2913.03,2913.03,2862.6,2884.05
5/6/2019,2908.89,2937.32,2898.21,2932.47
5/3/2019,2929.21,2947.85,2929.21,2945.64
5/2/2019,2922.16,2931.68,2900.5,2917.52
5/1/2019,2952.33,2954.13,2923.36,2923.73
4/30/2019,2937.14,2948.22,2924.11,2945.83
4/29/2019,2940.58,2949.52,2939.35,2943.03
4/26/2019,2925.81,2939.88,2917.56,2939.88
4/25/2019,2928.99,2933.1,2912.84,2926.17
4/24/2019,2934,2936.83,2926.05,2927.25
4/23/2019,2909.99,2936.31,2908.53,2933.68
4/22/2019,2898.78,2909.51,2896.35,2907.97
4/18/2019,2904.81,2908.4,2891.9,2905.03
4/17/2019,2916.04,2918,2895.45,2900.45
4/16/2019,2912.26,2916.06,2900.71,2907.06
4/15/2019,2908.32,2909.6,2896.48,2905.58
4/12/2019,2900.86,2910.54,2898.37,2907.41
4/11/2019,2891.92,2893.42,2881.99,2888.32
4/10/2019,2881.37,2889.71,2879.13,2888.21
4/9/2019,2886.58,2886.88,2873.33,2878.2
4/8/2019,2888.46,2895.95,2880.78,2895.77
4/5/2019,2884.16,2893.24,2882.99,2892.74
4/4/2019,2873.99,2881.28,2867.14,2879.39
4/3/2019,2876.09,2885.25,2865.17,2873.4
4/2/2019,2868.24,2872.9,2858.75,2867.24
4/1/2019,2848.63,2869.4,2848.63,2867.19
3/29/2019,2828.27,2836.03,2819.23,2834.4
3/28/2019,2809.4,2819.71,2798.77,2815.44
3/27/2019,2819.72,2825.56,2787.72,2805.37
3/26/2019,2812.66,2829.87,2803.99,2818.46
3/25/2019,2796.01,2809.79,2785.02,2798.36
3/22/2019,2844.52,2846.16,2800.47,2800.71
3/21/2019,2819.72,2860.31,2817.38,2854.88
3/20/2019,2831.34,2843.54,2812.43,2824.23
3/19/2019,2840.76,2852.42,2823.27,2832.57
3/18/2019,2822.61,2835.41,2821.99,2832.94
3/15/2019,2810.79,2830.73,2810.79,2822.48
3/14/2019,2810.38,2815,2803.46,2808.48
3/13/2019,2799.78,2821.24,2799.78,2810.92
3/12/2019,2787.34,2798.32,2786.73,2791.52
3/11/2019,2747.61,2784,2747.61,2783.3
3/8/2019,2730.79,2744.13,2722.27,2743.07
3/7/2019,2766.53,2767.25,2739.09,2748.93
3/6/2019,2790.27,2790.27,2768.69,2771.45
3/5/2019,2794.41,2796.44,2782.97,2789.65
3/4/2019,2814.37,2816.88,2767.66,2792.81
3/1/2019,2798.22,2808.02,2787.38,2803.69
2/28/2019,2788.11,2793.73,2782.51,2784.49
2/27/2019,2787.5,2795.76,2775.13,2792.38
2/26/2019,2792.36,2803.12,2789.47,2793.9
2/25/2019,2804.35,2813.49,2794.99,2796.11
2/22/2019,2780.67,2794.2,2779.11,2792.67
2/21/2019,2780.24,2781.58,2764.55,2774.88
2/20/2019,2779.05,2789.88,2774.06,2784.7
2/19/2019,2769.28,2787.33,2767.29,2779.76
2/15/2019,2760.24,2775.66,2760.24,2775.6
2/14/2019,2743.5,2757.9,2731.23,2745.73
2/13/2019,2750.3,2761.85,2748.63,2753.03
2/12/2019,2722.61,2748.19,2722.61,2744.73
2/11/2019,2712.4,2718.05,2703.79,2709.8
2/8/2019,2692.36,2708.07,2681.83,2707.88
2/7/2019,2717.53,2719.32,2687.26,2706.05
2/6/2019,2735.05,2738.08,2724.15,2731.61
2/5/2019,2728.34,2738.98,2724.03,2737.7
2/4/2019,2706.49,2724.99,2698.75,2724.87
2/1/2019,2702.32,2716.66,2696.88,2706.53
1/31/2019,2685.49,2708.95,2678.65,2704.1
1/30/2019,2653.62,2690.44,2648.34,2681.05
1/29/2019,2644.89,2650.93,2631.05,2640
1/28/2019,2644.97,2644.97,2624.06,2643.85
1/25/2019,2657.44,2672.38,2657.33,2664.76
1/24/2019,2638.84,2647.2,2627.01,2642.33
1/23/2019,2643.48,2653.19,2612.86,2638.7
1/22/2019,2657.88,2657.88,2617.27,2632.9
1/18/2019,2651.27,2675.47,2647.58,2670.71
1/17/2019,2609.28,2645.06,2606.36,2635.96
1/16/2019,2614.75,2625.76,2612.68,2616.1
1/15/2019,2585.1,2613.08,2585.1,2610.3
1/14/2019,2580.31,2589.32,2570.41,2582.61
1/11/2019,2588.11,2596.27,2577.4,2596.26
1/10/2019,2573.51,2597.82,2562.02,2596.64
1/9/2019,2580,2595.32,2568.89,2584.96
1/8/2019,2568.11,2579.82,2547.56,2574.41
1/7/2019,2535.61,2566.16,2524.56,2549.69
1/4/2019,2474.33,2538.07,2474.33,2531.94
1/3/2019,2491.92,2493.14,2443.96,2447.89
1/2/2019,2476.96,2519.49,2467.47,2510.03
12/31/2018,2498.94,2509.24,2482.82,2506.85
12/28/2018,2498.77,2520.27,2472.89,2485.74
12/27/2018,2442.5,2489.1,2397.94,2488.83
12/26/2018,2363.12,2467.76,2346.58,2467.7
12/24/2018,2400.56,2410.34,2351.1,2351.1
12/21/2018,2465.38,2504.41,2408.55,2416.62
12/20/2018,2496.77,2509.63,2441.18,2467.42
12/19/2018,2547.05,2585.29,2488.96,2506.96
12/18/2018,2559.9,2573.99,2528.71,2546.16
12/17/2018,2590.75,2601.13,2530.54,2545.94
12/14/2018,2629.68,2635.07,2593.84,2599.95
12/13/2018,2658.7,2670.19,2637.27,2650.54
12/12/2018,2658.23,2685.44,2650.26,2651.07
12/11/2018,2664.44,2674.35,2621.3,2636.78
12/10/2018,2630.86,2647.51,2583.23,2637.72
12/7/2018,2691.26,2708.54,2623.14,2633.08
12/6/2018,2663.51,2696.15,2621.53,2695.95
12/4/2018,2782.43,2785.93,2697.18,2700.06
12/3/2018,2790.5,2800.18,2773.38,2790.37
11/30/2018,2737.76,2760.88,2732.76,2760.17
11/29/2018,2736.97,2753.75,2722.94,2737.76
11/28/2018,2691.45,2744,2684.38,2743.79
11/27/2018,2663.75,2682.53,2655.89,2682.17
11/26/2018,2649.97,2674.35,2649.97,2673.45
11/23/2018,2633.36,2647.55,2631.09,2632.56
11/21/2018,2657.74,2670.73,2649.82,2649.93
11/20/2018,2654.6,2669.44,2631.52,2641.89
11/19/2018,2730.74,2733.16,2681.09,2690.73
11/16/2018,2718.54,2746.75,2712.16,2736.27
11/15/2018,2693.52,2735.38,2670.75,2730.2
11/14/2018,2737.9,2746.8,2685.75,2701.58
11/13/2018,2730.05,2754.6,2714.98,2722.18
11/12/2018,2773.93,2775.99,2722,2726.22
11/9/2018,2794.1,2794.1,2764.24,2781.01
11/8/2018,2806.38,2814.75,2794.99,2806.83
11/7/2018,2774.13,2815.15,2774.13,2813.89
11/6/2018,2738.4,2756.82,2737.08,2755.45
11/5/2018,2726.37,2744.27,2717.94,2738.31
11/2/2018,2745.45,2756.55,2700.44,2723.06
11/1/2018,2717.58,2741.67,2708.85,2740.37
10/31/2018,2705.6,2736.69,2705.6,2711.74
10/30/2018,2640.68,2685.43,2635.34,2682.63
10/29/2018,2682.65,2706.85,2603.54,2641.25
10/26/2018,2667.86,2692.38,2628.16,2658.69
10/25/2018,2674.88,2722.7,2667.84,2705.57
10/24/2018,2737.87,2742.59,2651.89,2656.1
10/23/2018,2721.03,2753.59,2691.43,2740.69
10/22/2018,2773.94,2778.94,2749.22,2755.88
10/19/2018,2775.66,2797.77,2760.27,2767.78
10/18/2018,2802,2806.04,2755.18,2768.78
10/17/2018,2811.67,2816.94,2781.81,2809.21
10/16/2018,2767.05,2813.46,2766.91,2809.92
10/15/2018,2763.83,2775.99,2749.03,2750.79
10/12/2018,2770.54,2775.77,2729.44,2767.13
10/11/2018,2776.87,2795.14,2710.51,2728.37
10/10/2018,2873.9,2874.02,2784.86,2785.68
10/9/2018,2882.51,2894.83,2874.27,2880.34
10/8/2018,2877.53,2889.45,2862.08,2884.43
10/5/2018,2902.54,2909.64,2869.29,2885.57
10/4/2018,2919.35,2919.78,2883.92,2901.61
10/3/2018,2931.69,2939.86,2921.36,2925.51
10/2/2018,2923.8,2931.42,2919.37,2923.43
10/1/2018,2926.29,2937.06,2917.91,2924.59
9/28/2018,2910.03,2920.53,2907.5,2913.98
9/27/2018,2911.65,2927.22,2909.27,2914
9/26/2018,2916.98,2931.15,2903.28,2905.97
9/25/2018,2921.75,2923.95,2913.7,2915.56
9/24/2018,2921.83,2923.79,2912.63,2919.37
9/21/2018,2936.76,2940.91,2927.11,2929.67
9/20/2018,2919.73,2934.8,2919.73,2930.75
9/19/2018,2906.6,2912.36,2903.82,2907.95
9/18/2018,2890.74,2911.17,2890.43,2904.31
9/17/2018,2903.83,2904.65,2886.16,2888.8
9/14/2018,2906.38,2908.3,2895.77,2904.98
9/13/2018,2896.85,2906.76,2896.39,2904.18
9/12/2018,2888.29,2894.65,2879.2,2888.92
9/11/2018,2871.57,2892.52,2866.78,2887.89
9/10/2018,2881.39,2886.93,2875.94,2877.13
9/7/2018,2868.26,2883.81,2864.12,2871.68
9/6/2018,2888.64,2892.05,2867.29,2878.05
9/5/2018,2891.59,2894.21,2876.92,2888.6
9/4/2018,2896.96,2900.18,2885.13,2896.72
8/31/2018,2898.37,2906.32,2891.73,2901.52
8/30/2018,2908.94,2912.46,2895.22,2901.13
8/29/2018,2900.62,2916.5,2898.4,2914.04
8/28/2018,2901.45,2903.77,2893.5,2897.52
8/27/2018,2884.69,2898.25,2884.69,2896.74
8/24/2018,2862.35,2876.16,2862.35,2874.69
8/23/2018,2860.29,2868.78,2854.03,2856.98
8/22/2018,2860.99,2867.54,2856.05,2861.82
8/21/2018,2861.51,2873.23,2861.32,2862.96
8/20/2018,2853.93,2859.76,2850.62,2857.05
8/17/2018,2838.32,2855.63,2833.73,2850.13
8/16/2018,2831.44,2850.49,2831.44,2840.69
8/15/2018,2827.95,2827.95,2802.49,2818.37
8/14/2018,2827.88,2843.11,2826.58,2839.96
8/13/2018,2835.46,2843.4,2819.88,2821.93
8/10/2018,2839.64,2842.2,2825.81,2833.28
8/9/2018,2857.19,2862.48,2851.98,2853.58
8/8/2018,2856.79,2862.44,2853.09,2857.7
8/7/2018,2855.92,2863.43,2855.92,2858.45
8/6/2018,2840.29,2853.29,2835.98,2850.4
8/3/2018,2829.62,2840.38,2827.37,2840.35
8/2/2018,2800.48,2829.91,2796.34,2827.22
8/1/2018,2821.17,2825.83,2805.85,2813.36
7/31/2018,2809.73,2824.46,2808.06,2816.29
7/30/2018,2819,2821.74,2798.11,2802.6
7/27/2018,2842.35,2843.17,2808.34,2818.82
7/26/2018,2835.49,2845.57,2835.26,2837.44
7/25/2018,2817.73,2848.03,2817.73,2846.07
7/24/2018,2820.68,2829.99,2811.12,2820.4
7/23/2018,2799.17,2808.61,2795.14,2806.98
7/20/2018,2804.55,2809.7,2800.01,2801.83
7/19/2018,2809.37,2812.05,2799.77,2804.49
7/18/2018,2811.35,2816.76,2805.89,2815.62
7/17/2018,2789.34,2814.19,2789.24,2809.55
7/16/2018,2801.43,2803.71,2793.39,2798.43
7/13/2018,2796.93,2804.53,2791.69,2801.31
7/12/2018,2783.14,2799.22,2781.53,2798.29
7/11/2018,2779.82,2785.91,2770.77,2774.02
7/10/2018,2788.56,2795.58,2786.24,2793.84
7/9/2018,2768.51,2784.65,2768.51,2784.17
7/6/2018,2737.68,2764.41,2733.52,2759.82
7/5/2018,2724.19,2737.83,2716.02,2736.61
7/3/2018,2733.27,2736.58,2711.16,2713.22
7/2/2018,2704.95,2727.26,2698.95,2726.71
6/29/2018,2727.13,2743.26,2718.03,2718.37
6/28/2018,2698.69,2724.34,2691.99,2716.31
6/27/2018,2728.45,2746.09,2699.38,2699.63
6/26/2018,2722.12,2732.91,2715.6,2723.06
6/25/2018,2742.94,2742.94,2698.67,2717.07
6/22/2018,2760.79,2764.17,2752.68,2754.88
6/21/2018,2769.28,2769.28,2744.39,2749.76
6/20/2018,2769.73,2774.86,2763.91,2767.32
6/19/2018,2752.01,2765.05,2743.19,2762.59
6/18/2018,2765.79,2774.99,2757.12,2773.75
6/15/2018,2777.78,2782.81,2761.73,2779.66
6/14/2018,2783.21,2789.06,2776.52,2782.49
6/13/2018,2787.94,2791.47,2774.65,2775.63
6/12/2018,2785.6,2789.8,2778.78,2786.85
6/11/2018,2780.18,2790.21,2780.17,2782
6/8/2018,2765.84,2779.39,2763.59,2779.03
6/7/2018,2774.84,2779.9,2760.16,2770.37
6/6/2018,2753.25,2772.39,2748.46,2772.35
6/5/2018,2748.46,2752.61,2739.51,2748.8
6/4/2018,2741.67,2749.16,2740.54,2746.87
6/1/2018,2718.7,2736.93,2718.7,2734.62
5/31/2018,2720.98,2722.5,2700.68,2705.27
5/30/2018,2702.43,2729.34,2702.43,2724.01
5/29/2018,2705.11,2710.67,2676.81,2689.86
5/25/2018,2723.6,2727.36,2714.99,2721.33
5/24/2018,2730.94,2731.97,2707.38,2727.76
5/23/2018,2713.98,2733.33,2709.54,2733.29
5/22/2018,2738.34,2742.24,2721.88,2724.44
5/21/2018,2725.95,2739.19,2725.7,2733.01
5/18/2018,2717.35,2719.5,2709.18,2712.97
5/17/2018,2719.71,2731.96,2711.36,2720.13
5/16/2018,2712.62,2727.76,2712.17,2722.46
5/15/2018,2718.59,2718.59,2701.91,2711.45
5/14/2018,2733.37,2742.1,2725.47,2730.13
5/11/2018,2722.7,2732.86,2717.45,2727.72
5/10/2018,2705.02,2726.11,2704.54,2723.07
5/9/2018,2678.12,2701.27,2674.14,2697.79
5/8/2018,2670.26,2676.34,2655.2,2671.92
5/7/2018,2669.36,2683.35,2664.7,2672.63
5/4/2018,2621.45,2670.93,2615.32,2663.42
5/3/2018,2628.08,2637.14,2594.62,2629.73
5/2/2018,2654.24,2660.87,2631.7,2635.67
5/1/2018,2643.64,2655.27,2625.41,2654.8
4/30/2018,2675.05,2682.92,2648.04,2648.05
4/27/2018,2675.47,2677.35,2659.01,2669.91
4/26/2018,2651.65,2676.48,2647.16,2666.94
4/25/2018,2634.92,2645.3,2612.67,2639.4
4/24/2018,2680.8,2683.55,2617.32,2634.56
4/23/2018,2675.4,2682.86,2657.99,2670.29
4/20/2018,2692.56,2693.94,2660.61,2670.14
4/19/2018,2701.16,2702.84,2681.9,2693.13
4/18/2018,2710.11,2717.49,2703.63,2708.64
4/17/2018,2692.74,2713.34,2692.05,2706.39
4/16/2018,2670.1,2686.49,2665.16,2677.84
4/13/2018,2676.9,2680.26,2645.05,2656.3
4/12/2018,2653.83,2674.72,2653.83,2663.99
4/11/2018,2643.89,2661.43,2639.25,2642.19
4/10/2018,2638.41,2665.45,2635.78,2656.87
4/9/2018,2617.18,2653.55,2610.79,2613.16
4/6/2018,2645.82,2656.88,2586.27,2604.47
4/5/2018,2657.36,2672.08,2649.58,2662.84
4/4/2018,2584.04,2649.86,2573.61,2644.69
4/3/2018,2592.17,2619.14,2575.49,2614.45
4/2/2018,2633.45,2638.3,2553.8,2581.88
3/29/2018,2614.41,2659.07,2609.72,2640.87
3/28/2018,2611.3,2632.65,2593.06,2605
3/27/2018,2667.57,2674.78,2596.12,2612.62
3/26/2018,2619.35,2661.36,2601.81,2658.55
3/23/2018,2646.71,2657.67,2585.89,2588.26
3/22/2018,2691.36,2695.68,2641.59,2643.69
3/21/2018,2714.99,2739.14,2709.79,2711.93
3/20/2018,2715.05,2724.22,2710.05,2716.94
3/19/2018,2741.38,2741.38,2694.59,2712.92
3/16/2018,2750.57,2761.85,2749.97,2752.01
3/15/2018,2754.27,2763.03,2741.47,2747.33
3/14/2018,2774.06,2777.11,2744.38,2749.48
3/13/2018,2792.31,2801.9,2758.68,2765.31
3/12/2018,2790.54,2796.98,2779.26,2783.02
3/9/2018,2752.91,2786.57,2751.54,2786.57
3/8/2018,2732.75,2740.45,2722.65,2738.97
3/7/2018,2710.18,2730.6,2701.74,2726.8
3/6/2018,2730.18,2732.08,2711.26,2728.12
3/5/2018,2681.06,2728.09,2675.75,2720.94
3/2/2018,2658.89,2696.25,2647.32,2691.25
3/1/2018,2715.22,2730.89,2659.65,2677.67
2/28/2018,2753.78,2761.52,2713.54,2713.83
2/27/2018,2780.45,2789.15,2744.22,2744.28
2/26/2018,2757.37,2780.64,2753.78,2779.6
2/23/2018,2715.8,2747.76,2713.74,2747.3
2/22/2018,2710.42,2731.26,2697.77,2703.96
2/21/2018,2720.53,2747.75,2701.29,2701.33
2/20/2018,2726.01,2737.6,2706.76,2716.26
2/16/2018,2727.14,2754.42,2725.11,2732.22
2/15/2018,2713.46,2731.51,2689.82,2731.2
2/14/2018,2651.21,2702.1,2648.87,2698.63
2/13/2018,2646.27,2668.84,2637.08,2662.94
2/12/2018,2636.75,2672.61,2622.45,2656
2/9/2018,2601.78,2638.67,2532.69,2619.55
2/8/2018,2685.01,2685.27,2580.56,2581
2/7/2018,2690.95,2727.67,2681.33,2681.66
2/6/2018,2614.78,2701.04,2593.07,2695.14
2/5/2018,2741.06,2763.39,2638.17,2648.94
2/2/2018,2808.92,2808.92,2759.97,2762.13
2/1/2018,2816.45,2835.96,2812.7,2821.98
1/31/2018,2832.41,2839.26,2813.04,2823.81
1/30/2018,2832.74,2837.75,2818.27,2822.43
1/29/2018,2867.23,2870.62,2851.48,2853.53
1/26/2018,2847.48,2872.87,2846.18,2872.87
1/25/2018,2846.24,2848.56,2830.94,2839.25
1/24/2018,2845.42,2852.97,2824.81,2837.54
1/23/2018,2835.05,2842.24,2830.59,2839.13
1/22/2018,2809.16,2833.03,2808.12,2832.97
1/19/2018,2802.6,2810.33,2798.08,2810.3
1/18/2018,2802.4,2805.83,2792.56,2798.03
1/17/2018,2784.99,2807.04,2778.38,2802.56
1/16/2018,2798.96,2807.54,2768.64,2776.42
1/12/2018,2770.18,2787.85,2769.64,2786.24
1/11/2018,2752.97,2767.56,2752.78,2767.56
1/10/2018,2745.55,2750.8,2736.06,2748.23
1/9/2018,2751.15,2759.14,2747.86,2751.29
1/8/2018,2742.67,2748.51,2737.6,2747.71
1/5/2018,2731.33,2743.45,2727.92,2743.15
1/4/2018,2719.31,2729.29,2719.07,2723.99
1/3/2018,2697.85,2714.37,2697.77,2713.06
1/2/2018,2683.73,2695.89,2682.36,2695.81
12/29/2017,2689.15,2692.12,2673.61,2673.61
12/28/2017,2686.1,2687.66,2682.69,2687.54
12/27/2017,2682.1,2685.64,2678.91,2682.62
12/26/2017,2679.09,2682.74,2677.96,2680.5
12/22/2017,2684.22,2685.35,2678.13,2683.34
12/21/2017,2683.02,2692.64,2682.4,2684.57
12/20/2017,2688.18,2691.01,2676.11,2679.25
12/19/2017,2692.71,2694.44,2680.74,2681.47
12/18/2017,2685.92,2694.97,2685.92,2690.16
12/15/2017,2660.63,2679.63,2659.14,2675.81
12/14/2017,2665.87,2668.09,2652.01,2652.01
12/13/2017,2667.59,2671.88,2662.85,2662.85
12/12/2017,2661.73,2669.72,2659.78,2664.11
12/11/2017,2652.19,2660.33,2651.47,2659.99
12/8/2017,2646.21,2651.65,2644.1,2651.5
12/7/2017,2628.38,2640.99,2626.53,2636.98
12/6/2017,2626.24,2634.41,2624.75,2629.27
12/5/2017,2639.78,2648.72,2627.73,2629.57
12/4/2017,2657.19,2665.19,2639.03,2639.44
12/1/2017,2645.1,2650.62,2605.52,2642.22
11/30/2017,2633.93,2657.74,2633.93,2647.58
11/29/2017,2627.82,2634.89,2620.32,2626.07
11/28/2017,2605.94,2627.69,2605.44,2627.04
11/27/2017,2602.66,2606.41,2598.87,2601.42
11/24/2017,2600.42,2604.21,2600.42,2602.42
11/22/2017,2600.31,2600.94,2595.23,2597.08
11/21/2017,2589.17,2601.19,2589.17,2599.03
11/20/2017,2579.49,2584.64,2578.24,2582.14
11/17/2017,2582.94,2583.96,2577.62,2578.85
11/16/2017,2572.95,2590.09,2572.95,2585.64
11/15/2017,2569.45,2572.84,2557.45,2564.62
11/14/2017,2577.75,2579.66,2566.56,2578.87
11/13/2017,2576.53,2587.66,2574.48,2584.84
11/10/2017,2580.18,2583.81,2575.57,2582.3
11/9/2017,2584,2586.5,2566.33,2584.62
11/8/2017,2588.71,2595.47,2585.02,2594.38
11/7/2017,2592.11,2597.02,2584.35,2590.64
11/6/2017,2587.47,2593.38,2585.66,2591.13
11/3/2017,2581.93,2588.42,2576.77,2587.84
11/2/2017,2579.46,2581.11,2566.17,2579.85
11/1/2017,2583.21,2588.4,2574.92,2579.36
10/31/2017,2575.99,2578.29,2572.15,2575.26
10/30/2017,2577.75,2580.03,2568.25,2572.83
10/27/2017,2570.26,2582.98,2565.94,2581.07
10/26/2017,2560.08,2567.07,2559.8,2560.4
10/25/2017,2566.52,2567.4,2544,2557.15
10/24/2017,2568.66,2572.18,2565.58,2569.13
10/23/2017,2578.08,2578.29,2564.33,2564.98
10/20/2017,2567.56,2575.44,2567.56,2575.21
10/19/2017,2553.39,2562.36,2547.92,2562.1
10/18/2017,2562.87,2564.11,2559.67,2561.26
10/17/2017,2557.17,2559.71,2554.69,2559.36
10/16/2017,2555.57,2559.47,2552.64,2557.64
10/13/2017,2555.66,2557.65,2552.09,2553.17
10/12/2017,2552.88,2555.33,2548.31,2550.93
10/11/2017,2550.62,2555.24,2547.95,2555.24
10/10/2017,2549.99,2555.23,2544.86,2550.64
10/9/2017,2551.39,2551.82,2541.6,2544.73
10/6/2017,2547.44,2549.41,2543.79,2549.33
10/5/2017,2540.86,2552.51,2540.02,2552.07
10/4/2017,2533.48,2540.53,2531.8,2537.74
10/3/2017,2530.34,2535.13,2528.85,2534.58
10/2/2017,2521.2,2529.23,2520.4,2529.12
9/29/2017,2509.96,2519.44,2507.99,2519.36
9/28/2017,2503.41,2510.81,2502.93,2510.06
9/27/2017,2503.3,2511.75,2495.91,2507.04
9/26/2017,2501.04,2503.51,2495.12,2496.84
9/25/2017,2499.39,2502.54,2488.03,2496.66
9/22/2017,2497.26,2503.47,2496.54,2502.22
9/21/2017,2507.16,2507.16,2499,2500.6
9/20/2017,2506.84,2508.85,2496.67,2508.24
9/19/2017,2506.29,2507.84,2503.19,2506.65
9/18/2017,2502.51,2508.32,2499.92,2503.87
9/15/2017,2495.67,2500.23,2493.16,2500.23
9/14/2017,2494.56,2498.43,2491.35,2495.62
9/13/2017,2493.89,2498.37,2492.14,2498.37
9/12/2017,2491.94,2496.77,2490.37,2496.48
9/11/2017,2474.52,2488.95,2474.52,2488.11
9/8/2017,2462.25,2467.11,2459.4,2461.43
9/7/2017,2468.06,2468.62,2460.29,2465.1
9/6/2017,2463.83,2469.64,2459.2,2465.54
9/5/2017,2470.35,2471.97,2446.55,2457.85
9/1/2017,2474.42,2480.38,2473.85,2476.55
8/31/2017,2462.65,2475.01,2462.65,2471.65
8/30/2017,2446.06,2460.31,2443.77,2457.59
8/29/2017,2431.94,2449.19,2428.2,2446.3
8/28/2017,2447.35,2449.12,2439.03,2444.24
8/25/2017,2444.72,2453.96,2442.22,2443.05
8/24/2017,2447.91,2450.39,2436.19,2438.97
8/23/2017,2444.88,2448.91,2441.42,2444.04
8/22/2017,2433.75,2454.77,2433.67,2452.51
8/21/2017,2425.5,2430.58,2417.35,2428.37
8/18/2017,2427.64,2440.27,2420.69,2425.55
8/17/2017,2462.95,2465.02,2430.01,2430.01
8/16/2017,2468.63,2474.93,2463.86,2468.11
8/15/2017,2468.66,2468.9,2461.61,2464.61
8/14/2017,2454.96,2468.22,2454.96,2465.84
8/11/2017,2441.04,2448.09,2437.85,2441.32
8/10/2017,2465.38,2465.38,2437.75,2438.21
8/9/2017,2465.35,2474.41,2462.08,2474.02
8/8/2017,2478.35,2490.87,2470.32,2474.92
8/7/2017,2477.14,2480.95,2475.88,2480.91
8/4/2017,2476.88,2480,2472.08,2476.83
8/3/2017,2476.03,2476.03,2468.85,2472.16
8/2/2017,2480.38,2480.38,2466.48,2477.57
8/1/2017,2477.1,2478.51,2471.14,2476.35
